{"cameraMode":{"drawMode":0,"name":"Shaded","section":"Shading Mode"},"sceneLighting":false,"audioPlay":false,"sceneViewState":{"showFog":true,"showMaterialUpdate":false,"showSkybox":false,"showFlares":true,"showImageEffects":true,"showParticleSystems":true},"in2DMode":false,"pivot":{"x":0.0,"y":0.5069645047187805,"z":-0.06887075304985047},"rotation":{"x":0.08787716180086136,"y":0.891994297504425,"z":-0.1974165290594101,"w":0.3970581591129303},"size":0.9910481572151184,"orthographic":false}