{"cameraMode":{"drawMode":0,"name":"Shaded","section":"Shading Mode"},"sceneLighting":false,"audioPlay":false,"sceneViewState":{"showFog":true,"showMaterialUpdate":false,"showSkybox":false,"showFlares":true,"showImageEffects":true,"showParticleSystems":true},"in2DMode":false,"pivot":{"x":10.33791732788086,"y":2.966644763946533,"z":12.777616500854493},"rotation":{"x":0.09760273993015289,"y":0.8798015713691711,"z":-0.20582294464111329,"w":0.41720813512802126},"size":1.0407015085220338,"orthographic":false}